id;orgid;patid;fname;mname;lname;dob;age_y;age_m;age_d;gender;add_1;add_2;cityid;stateid;country;postalcode;natid;email;mobile;mobile_2;married;occupationid;idtype;idnumber;defunct;creaton;creatby;modifyon;modifyby
1;31435;Buckinghamshire Corporate;Investment Account;override User-centric;Money Market Account;2019-05-02T22:19:22;16122;88046;92969;virtual deposit;Squares mint green e-business;Ghana back-end National;Direct;Profit-focused;Israel;copying;86073;Adalberto_Cummerata@gmail.com;Bedfordshire Bahamian Dollar;24/7;Gloves sky blue Oklahoma;40383;Tasty Concrete Chips Exclusive;Buckinghamshire capability zero tolerance;false;2019-05-03T08:35:42;60956;2019-05-02T15:33:33;50267
2;41103;Home;Investor Public-key;Lebanon;Designer Persistent;2019-05-02T22:51:59;8085;76161;36965;Re-contextualized;web-enabled invoice withdrawal;bypassing optical;installation;Argentine Peso;Sweden;neural-net red;71114;Raleigh_Fahey@yahoo.com;Sausages;disintermediate Cambridgeshire hacking;bricks-and-clicks Concrete Global;87733;Enhanced deposit parsing;Borders content-based;true;2019-05-03T12:45:47;96541;2019-05-02T17:27:53;55829
3;90041;deposit B2B cross-media;programming SCSI drive;invoice Unbranded Cheese;New Zealand Dollar Alabama transform;2019-05-02T16:26:05;66350;97366;506;Gloves;Buckinghamshire Ports;Devolved driver Networked;Fish;payment calculating;Norfolk Island;Nevada;9367;Fredy25@yahoo.com;Wisconsin;target Human withdrawal;dot-com payment Libyan Dinar;86416;Re-contextualized;local Shoes;true;2019-05-03T13:57:04;17711;2019-05-02T15:07:43;94045
4;46994;uniform PCI back up;Tactics architectures Planner;Facilitator Incredible functionalities;compressing;2019-05-03T07:23:29;48527;16949;37268;matrix calculating;Arkansas Intelligent Credit Card Account;intuitive Open-architected system-worthy;program;Metal array France;French Guiana;schemas Synergistic Personal Loan Account;8159;Abigayle_Kutch@yahoo.com;deposit;extend Unbranded Fresh Pants Tools;Practical North Dakota;3594;Dale;Specialist generating;true;2019-05-03T14:15:56;25025;2019-05-03T14:06:04;3883
5;82260;back-end;interface;compress lavender Investment Account;backing up;2019-05-03T10:19:57;53135;41135;54063;deposit panel Strategist;card Licensed Cotton Ball;mindshare Gorgeous;Chips;navigating;Paraguay;paradigms Salad Table;25024;Katharina.Botsford66@gmail.com;motivating Operations alarm;e-markets system;Organic;35597;hack;leading-edge;false;2019-05-03T13:53:37;9415;2019-05-03T14:01:12;31141
6;85546;Colombian Peso Unidad de Valor Real Bridge Handmade;online e-business;systems integrate;Web HTTP;2019-05-03T08:44:10;37461;1530;62585;Borders EXE payment;Checking Account;invoice Outdoors New York;multi-byte Jamaican Dollar North Carolina;Station;Malta;Web revolutionize Branding;90535;Cletus21@gmail.com;utilize;Generic;robust withdrawal generate;68161;wireless;hybrid;false;2019-05-02T22:22:06;69673;2019-05-03T06:38:15;62894
7;93664;Handmade Cotton Bacon Specialist China;quantify multi-byte;interface Cotton Robust;user-centric Infrastructure;2019-05-02T18:23:45;23859;42899;67984;application Configurable iterate;Berkshire navigating;superstructure;streamline;Interactions;Suriname;granular;95680;Mariane_Wiegand@hotmail.com;deposit Common;Money Market Account;Danish Krone parse;79157;back-end Unbranded Cambridgeshire;Designer;false;2019-05-03T04:24:03;73703;2019-05-02T17:41:34;54591
8;35091;Frozen Metal program;SDD bypassing;Algerian Dinar Fantastic Fresh Salad;Steel Avon Visionary;2019-05-03T01:02:47;37427;86313;37064;open-source Interactions Planner;dynamic bandwidth Buckinghamshire;Oklahoma communities;array supply-chains Advanced;Parkway Handmade Wooden Cheese;Bouvet Island (Bouvetoya);payment synthesize Idaho;96217;Garret8@yahoo.com;Cyprus web services auxiliary;Designer Incredible Fresh Car Tuvalu;Senior Optional Yemeni Rial;7543;Tuna magenta;Wells;true;2019-05-02T22:16:18;58431;2019-05-03T05:46:37;90115
9;73710;Product;Brand Regional Court;B2B Mouse;Junctions one-to-one;2019-05-03T00:59:24;26593;7773;36034;zero defect Ridges Beauty;groupware;Credit Card Account clear-thinking Frozen;parsing;models New Mexico District;Belgium;SCSI Aruba Chair;41125;Orion_Schroeder@yahoo.com;Shirt Credit Card Account disintermediate;transmitting Tennessee Practical Steel Shirt;24/7;5637;SMS;Zimbabwe parse Customer;true;2019-05-02T20:32:31;72612;2019-05-02T16:19:24;75708
10;84964;Ergonomic Falls;User-friendly;Savings Account;SMTP;2019-05-02T20:49:47;61812;4689;35816;Steel;Borders Springs connecting;SAS;Planner Refined;engage Granite Grocery;Saint Lucia;Credit Card Account transmitter cyan;13637;Adrianna_Wuckert@yahoo.com;withdrawal Jamaica;International;Luxembourg Spurs;91047;middleware Switzerland;Data Granite Configuration;false;2019-05-02T20:32:37;25824;2019-05-03T13:24:28;45913
